<?xml version="1.0" encoding="UTF-8"?>
<project-private xmlns="http://www.netbeans.org/ns/project-private/1">
    <editor-bookmarks xmlns="http://www.netbeans.org/ns/editor-bookmarks/2" lastBookmarkId="0"/>
    <open-files xmlns="http://www.netbeans.org/ns/projectui-open-files/2">
        <group>
            <file>file:/F:/3/JAVA/automateCellulaire_FatimaZahra_Bilal/GameOfLife/src/modele/Cellule.java</file>
            <file>file:/F:/3/JAVA/automateCellulaire_FatimaZahra_Bilal/GameOfLife/src/modele/EtatCellule.java</file>
            <file>file:/F:/3/JAVA/automateCellulaire_FatimaZahra_Bilal/GameOfLife/src/modele/GameOfLife.java</file>
        </group>
    </open-files>
</project-private>
